{"v":"4.8.0","meta":{"g":"LottieFiles AE 1.0.0","a":"","k":"","d":"","tc":"#FFFFFF"},"fr":25,"ip":0,"op":100,"w":300,"h":300,"nm":"EARTH01","ddd":0,"assets":[{"id":"comp_0","layers":[{"ddd":0,"ind":1,"ty":4,"nm":"Hand1","sr":1,"ks":{"o":{"a":0,"k":100,"ix":11},"r":{"a":1,"k":[{"i":{"x":[0.833],"y":[1]},"o":{"x":[0.333],"y":[0]},"t":18,"s":[22]},{"i":{"x":[0.833],"y":[1]},"o":{"x":[0.167],"y":[0]},"t":53,"s":[-6]},{"t":82,"s":[0]}],"ix":10},"p":{"a":1,"k":[{"i":{"x":0.26,"y":1},"o":{"x":0.333,"y":0},"t":18,"s":[-78.628,85.519,0],"to":[10.333,22,0],"ti":[-42.333,-17,0]},{"t":45,"s":[26.372,160.519,0]}],"ix":2},"a":{"a":0,"k":[26.372,160.519,0],"ix":1},"s":{"a":0,"k":[100,100,100],"ix":6}},"ao":0,"shapes":[{"ty":"gr","it":[{"ty":"gr","it":[{"ty":"gr","it":[{"ind":0,"ty":"sh","ix":1,"ks":{"a":0,"k":{"i":[[0.817,0],[0,0],[0,-1.626],[0,0],[0,0],[0,3.073],[0.146,0.5]],"o":[[0,0],[-1.951,0],[0,0],[0,0],[3.073,0],[0,-0.545],[-0.598,0.777]],"v":[[13.491,-2.315],[-12.363,-2.315],[-15.895,0.629],[-15.895,3.572],[10.314,3.572],[15.895,-2.009],[15.649,-3.572]],"c":true},"ix":2},"nm":"Path 1","mn":"ADBE Vector Shape - Group","hd":false},{"ty":"fl","c":{"a":0,"k":[0.980392158031,0.72549021244,0.654901981354,1],"ix":4},"o":{"a":0,"k":100,"ix":5},"r":1,"bm":0,"nm":"Fill 1","mn":"ADBE Vector Graphic - Fill","hd":false},{"ty":"tr","p":{"a":0,"k":[140.669,220.105],"ix":2},"a":{"a":0,"k":[0,0],"ix":1},"s":{"a":0,"k":[100,100],"ix":3},"r":{"a":0,"k":0,"ix":6},"o":{"a":0,"k":100,"ix":7},"sk":{"a":0,"k":0,"ix":4},"sa":{"a":0,"k":0,"ix":5},"nm":"Transform"}],"nm":"Group 1","np":2,"cix":2,"bm":0,"ix":1,"mn":"ADBE Vector Group","hd":false},{"ty":"gr","it":[{"ind":0,"ty":"sh","ix":1,"ks":{"a":0,"k":{"i":[[0.472,0.946],[2.052,0],[0,0],[0,-1.984],[0,0],[0,0],[0,0],[-1.272,1.307],[0,1.943]],"o":[[-1.291,2.445],[0,0],[-1.984,-0.048],[0,0],[0,0],[0,0],[1.943,0],[1.307,-1.272],[0,-1.123]],"v":[[20.432,-5.091],[15.257,-1.09],[-17.576,-1.886],[-21.194,1.646],[-21.194,5.091],[11.725,5.091],[14.129,5.091],[19.109,3.007],[21.194,-1.973]],"c":true},"ix":2},"nm":"Path 1","mn":"ADBE Vector Shape - Group","hd":false},{"ty":"fl","c":{"a":0,"k":[0.980392158031,0.72549021244,0.654901981354,1],"ix":4},"o":{"a":0,"k":100,"ix":5},"r":1,"bm":0,"nm":"Fill 1","mn":"ADBE Vector Graphic - Fill","hd":false},{"ty":"tr","p":{"a":0,"k":[145.968,204.457],"ix":2},"a":{"a":0,"k":[0,0],"ix":1},"s":{"a":0,"k":[100,100],"ix":3},"r":{"a":0,"k":0,"ix":6},"o":{"a":0,"k":100,"ix":7},"sk":{"a":0,"k":0,"ix":4},"sa":{"a":0,"k":0,"ix":5},"nm":"Transform"}],"nm":"Group 2","np":2,"cix":2,"bm":0,"ix":2,"mn":"ADBE Vector Group","hd":false},{"ty":"gr","it":[{"ind":0,"ty":"sh","ix":1,"ks":{"a":0,"k":{"i":[[2.393,0],[0,0],[2.224,0.553],[7.643,5.095],[7.065,3.532],[-12.082,11.781],[1.073,0.916],[-53.073,-28.173],[0,0],[0,0],[-3.462,-1.307],[-1.025,-0.318],[0,0],[-5.545,-0.035],[0,0],[0,3.144],[0.046,0.291]],"o":[[0,0],[-2.291,0],[-5.716,-1.42],[0,0],[-6.335,-3.167],[-13.828,-5.716],[-32.41,-14.855],[0.742,0.282],[0,0],[2.967,2.261],[0.989,0.353],[0,0],[5.298,1.625],[0,0],[3.144,0],[0,-0.303],[-1.278,1.821]],"v":[[60.022,40.255],[34.961,40.255],[28.183,39.432],[3.506,29.658],[-17.687,11.997],[-15.383,-23.134],[-43.47,-40.916],[-23.513,18.638],[-22.348,19.062],[-5.746,31.637],[3.897,37.111],[6.864,38.101],[16.437,41.068],[32.756,43.576],[60.272,43.788],[65.959,38.101],[65.8,37.238]],"c":true},"ix":2},"nm":"Path 1","mn":"ADBE Vector Shape - Group","hd":false},{"ty":"fl","c":{"a":0,"k":[0.980392158031,0.72549021244,0.654901981354,1],"ix":4},"o":{"a":0,"k":100,"ix":5},"r":1,"bm":0,"nm":"Fill 1","mn":"ADBE Vector Graphic - Fill","hd":false},{"ty":"tr","p":{"a":0,"k":[83.541,194.019],"ix":2},"a":{"a":0,"k":[0,0],"ix":1},"s":{"a":0,"k":[100,100],"ix":3},"r":{"a":0,"k":0,"ix":6},"o":{"a":0,"k":100,"ix":7},"sk":{"a":0,"k":0,"ix":4},"sa":{"a":0,"k":0,"ix":5},"nm":"Transform"}],"nm":"Group 3","np":2,"cix":2,"bm":0,"ix":3,"mn":"ADBE Vector Group","hd":false},{"ty":"gr","it":[{"ind":0,"ty":"sh","ix":1,"ks":{"a":0,"k":{"i":[[-1.272,1.307],[-0.356,0.965],[0.738,0],[0,0],[0,-1.17],[0,0],[0,0]],"o":[[0.732,-0.711],[-0.567,0.232],[0,0],[-1.951,0],[0,0],[0,0],[1.943,0]],"v":[[15.24,0.235],[16.87,-2.319],[14.92,-1.92],[-13.338,-1.92],[-16.87,0.2],[-16.87,2.319],[10.26,2.319]],"c":true},"ix":2},"nm":"Path 1","mn":"ADBE Vector Shape - Group","hd":false},{"ty":"fl","c":{"a":0,"k":[0.980392158031,0.72549021244,0.654901981354,1],"ix":4},"o":{"a":0,"k":100,"ix":5},"r":1,"bm":0,"nm":"Fill 1","mn":"ADBE Vector Graphic - Fill","hd":false},{"ty":"tr","p":{"a":0,"k":[142.772,193.1],"ix":2},"a":{"a":0,"k":[0,0],"ix":1},"s":{"a":0,"k":[100,100],"ix":3},"r":{"a":0,"k":0,"ix":6},"o":{"a":0,"k":100,"ix":7},"sk":{"a":0,"k":0,"ix":4},"sa":{"a":0,"k":0,"ix":5},"nm":"Transform"}],"nm":"Group 4","np":2,"cix":2,"bm":0,"ix":4,"mn":"ADBE Vector Group","hd":false},{"ty":"tr","p":{"a":0,"k":[142.772,193.1],"ix":2},"a":{"a":0,"k":[142.772,193.1],"ix":1},"s":{"a":0,"k":[100,100],"ix":3},"r":{"a":0,"k":0,"ix":6},"o":{"a":0,"k":100,"ix":7},"sk":{"a":0,"k":0,"ix":4},"sa":{"a":0,"k":0,"ix":5},"nm":"Transform"}],"nm":"Group 1","np":4,"cix":2,"bm":0,"ix":1,"mn":"ADBE Vector Group","hd":false},{"ty":"tr","p":{"a":0,"k":[142.772,193.1],"ix":2},"a":{"a":0,"k":[142.772,193.1],"ix":1},"s":{"a":0,"k":[100,100],"ix":3},"r":{"a":0,"k":0,"ix":6},"o":{"a":0,"k":100,"ix":7},"sk":{"a":0,"k":0,"ix":4},"sa":{"a":0,"k":0,"ix":5},"nm":"Transform"}],"nm":"Group 1","np":1,"cix":2,"bm":0,"ix":1,"mn":"ADBE Vector Group","hd":false},{"ty":"gr","it":[{"ind":0,"ty":"sh","ix":1,"ks":{"a":0,"k":{"i":[[1.943,0],[0,0],[0,-3.885],[1.307,-1.272],[1.943,0],[0,0],[0,0],[0,-2.861],[3.073,0],[0,0],[0,0],[0,-2.826],[3.144,0],[0,0],[5.298,1.625],[0,0],[0.989,0.353],[2.967,2.261],[0,0],[0.742,0.283],[0.706,22.147],[-17.379,0],[-10.738,0],[-5.369,2.755],[-2.367,0],[0,-3.603],[2.19,-1.095],[0,0],[0,0],[0,0],[-0.459,-0.106],[0,-3.391],[1.307,-1.272]],"o":[[0,0],[3.885,0],[0,1.943],[-1.272,1.307],[0,0],[0,0],[2.826,0.318],[0,3.073],[0,0],[0,0],[2.79,0.424],[0,3.144],[0,0],[-5.546,-0.035],[0,0],[-1.024,-0.318],[-3.462,-1.307],[0,0],[0,0],[-11.974,-16.955],[1.448,1.236],[0,0],[0,0],[2.084,-1.06],[3.603,0],[0,2.508],[0,0],[0,0],[0,0],[0.495,0],[3.214,0.671],[0,1.943],[-1.272,1.307]],"v":[[49.416,-0.035],[56.481,-0.035],[63.545,7.029],[61.461,12.01],[56.481,14.094],[21.158,14.094],[47.968,17.061],[52.949,22.642],[47.368,28.223],[21.158,28.223],[41.01,31.049],[45.884,36.665],[40.197,42.352],[12.681,42.14],[-3.638,39.632],[-13.211,36.665],[-16.178,35.676],[-25.821,30.201],[-42.422,17.626],[-43.588,17.202],[-63.545,-42.352],[-21.229,-21.229],[0.954,-31.826],[14.906,-37.301],[21.688,-38.89],[28.223,-32.355],[24.62,-26.492],[7.029,-17.697],[14.094,-14.164],[49.416,-14.164],[50.829,-14.023],[56.481,-7.1],[54.397,-2.119]],"c":true},"ix":2},"nm":"Path 1","mn":"ADBE Vector Shape - Group","hd":false},{"ty":"fl","c":{"a":0,"k":[0.980392158031,0.807843148708,0.764705896378,1],"ix":4},"o":{"a":0,"k":100,"ix":5},"r":1,"bm":0,"nm":"Fill 1","mn":"ADBE Vector Graphic - Fill","hd":false},{"ty":"tr","p":{"a":0,"k":[103.616,195.455],"ix":2},"a":{"a":0,"k":[0,0],"ix":1},"s":{"a":0,"k":[100,100],"ix":3},"r":{"a":0,"k":0,"ix":6},"o":{"a":0,"k":100,"ix":7},"sk":{"a":0,"k":0,"ix":4},"sa":{"a":0,"k":0,"ix":5},"nm":"Transform"}],"nm":"Group 2","np":2,"cix":2,"bm":0,"ix":2,"mn":"ADBE Vector Group","hd":false}],"ip":0,"op":100,"st":0,"bm":0},{"ddd":0,"ind":2,"ty":4,"nm":"shadow1","parent":1,"sr":1,"ks":{"o":{"a":0,"k":22,"ix":11},"r":{"a":0,"k":0,"ix":10},"p":{"a":0,"k":[113.629,208.392,0],"ix":2},"a":{"a":0,"k":[113.629,208.392,0],"ix":1},"s":{"a":0,"k":[100,100,100],"ix":6}},"ao":0,"shapes":[{"ty":"gr","it":[{"ind":0,"ty":"sh","ix":1,"ks":{"a":0,"k":{"i":[[2.245,0.747],[0.61,0],[0,0],[0,0],[0,0],[0,0],[0,-2.826],[0.272,-0.665],[0,0],[0,3.073]],"o":[[-0.55,0.182],[0,0],[0,0],[0,0],[0,0],[2.79,0.424],[0,0.764],[0,0],[3.073,0],[0,-2.461]],"v":[[12.052,-5.451],[10.314,-5.146],[4.52,-5.146],[-15.895,-5.146],[2.871,-2.474],[3.956,-2.32],[8.831,3.297],[8.403,5.451],[10.314,5.451],[15.895,-0.13]],"c":true},"ix":2},"nm":"Path 1","mn":"ADBE Vector Shape - Group","hd":false},{"ty":"fl","c":{"a":0,"k":[0.105882354081,0.172549024224,0.239215686917,1],"ix":4},"o":{"a":0,"k":100,"ix":5},"r":1,"bm":0,"nm":"Fill 1","mn":"ADBE Vector Graphic - Fill","hd":false},{"ty":"tr","p":{"a":0,"k":[140.669,228.823],"ix":2},"a":{"a":0,"k":[0,0],"ix":1},"s":{"a":0,"k":[100,100],"ix":3},"r":{"a":0,"k":0,"ix":6},"o":{"a":0,"k":100,"ix":7},"sk":{"a":0,"k":0,"ix":4},"sa":{"a":0,"k":0,"ix":5},"nm":"Transform"}],"nm":"Group 1","np":2,"cix":2,"bm":0,"ix":1,"mn":"ADBE Vector Group","hd":false},{"ty":"gr","it":[{"ind":0,"ty":"sh","ix":1,"ks":{"a":0,"k":{"i":[[1.49,1.298],[1.769,0],[0,0],[0,0],[0,0],[0,0],[0,-2.861],[0.253,-0.636],[0,0],[-1.272,1.307],[0,1.943]],"o":[[-1.236,1.102],[0,0],[0,0],[0,0],[0,0],[2.826,0.318],[0,0.724],[0,0],[1.943,0],[1.307,-1.272],[0,-2.119]],"v":[[18.738,-6.184],[14.129,-4.413],[-0.193,-4.413],[-21.194,-4.413],[-0.613,-2.135],[5.616,-1.446],[10.597,4.135],[10.194,6.184],[14.129,6.184],[19.109,4.1],[21.194,-0.88]],"c":true},"ix":2},"nm":"Path 1","mn":"ADBE Vector Shape - Group","hd":false},{"ty":"fl","c":{"a":0,"k":[0.105882354081,0.172549024224,0.239215686917,1],"ix":4},"o":{"a":0,"k":100,"ix":5},"r":1,"bm":0,"nm":"Fill 1","mn":"ADBE Vector Graphic - Fill","hd":false},{"ty":"tr","p":{"a":0,"k":[145.968,213.961],"ix":2},"a":{"a":0,"k":[0,0],"ix":1},"s":{"a":0,"k":[100,100],"ix":3},"r":{"a":0,"k":0,"ix":6},"o":{"a":0,"k":100,"ix":7},"sk":{"a":0,"k":0,"ix":4},"sa":{"a":0,"k":0,"ix":5},"nm":"Transform"}],"nm":"Group 2","np":2,"cix":2,"bm":0,"ix":2,"mn":"ADBE Vector Group","hd":false},{"ty":"gr","it":[{"ind":0,"ty":"sh","ix":1,"ks":{"a":0,"k":{"i":[[2.215,0.803],[0.663,0],[0,0],[0,0],[3.068,0.532],[2.306,0.707],[0,0],[0.989,0.353],[2.967,2.261],[0,0],[0.688,0.26],[-13.313,-7.883],[0,0],[-5.329,-0.094],[-0.211,-0.001],[0,0],[0,0],[0,3.144]],"o":[[-0.592,0.208],[0,0],[0,0],[-3.132,-0.02],[-2.364,-0.41],[0,0],[-1.024,-0.318],[-3.461,-1.307],[0,0],[0,0],[8.91,12.585],[0,0],[5.097,1.563],[0.211,0.004],[0,0],[0,0],[3.144,0],[0,-2.436]],"v":[[40.896,6.921],[39.015,7.264],[17.185,7.096],[11.499,7.052],[2.195,6.193],[-4.82,4.544],[-14.393,1.577],[-17.36,0.588],[-27.003,-4.887],[-43.605,-17.462],[-44.702,-17.861],[-10.992,13.228],[-4.82,15.141],[10.868,17.622],[11.499,17.649],[19.111,17.707],[39.015,17.861],[44.702,12.174]],"c":true},"ix":2},"nm":"Path 1","mn":"ADBE Vector Shape - Group","hd":false},{"ty":"fl","c":{"a":0,"k":[0.105882354081,0.172549024224,0.239215686917,1],"ix":4},"o":{"a":0,"k":100,"ix":5},"r":1,"bm":0,"nm":"Fill 1","mn":"ADBE Vector Graphic - Fill","hd":false},{"ty":"tr","p":{"a":0,"k":[104.798,230.543],"ix":2},"a":{"a":0,"k":[0,0],"ix":1},"s":{"a":0,"k":[100,100],"ix":3},"r":{"a":0,"k":0,"ix":6},"o":{"a":0,"k":100,"ix":7},"sk":{"a":0,"k":0,"ix":4},"sa":{"a":0,"k":0,"ix":5},"nm":"Transform"}],"nm":"Group 3","np":2,"cix":2,"bm":0,"ix":3,"mn":"ADBE Vector Group","hd":false},{"ty":"gr","it":[{"ind":0,"ty":"sh","ix":1,"ks":{"a":0,"k":{"i":[[1.778,0],[0,0],[0.585,0.51]],"o":[[0,0],[-0.393,-0.672],[-1.238,1.112]],"v":[[-3.052,0.893],[3.052,0.893],[1.575,-0.893]],"c":true},"ix":2},"nm":"Path 1","mn":"ADBE Vector Shape - Group","hd":false},{"ty":"fl","c":{"a":0,"k":[0.105882354081,0.172549024224,0.239215686917,1],"ix":4},"o":{"a":0,"k":100,"ix":5},"r":1,"bm":0,"nm":"Fill 1","mn":"ADBE Vector Graphic - Fill","hd":false},{"ty":"tr","p":{"a":0,"k":[156.084,194.526],"ix":2},"a":{"a":0,"k":[0,0],"ix":1},"s":{"a":0,"k":[100,100],"ix":3},"r":{"a":0,"k":0,"ix":6},"o":{"a":0,"k":100,"ix":7},"sk":{"a":0,"k":0,"ix":4},"sa":{"a":0,"k":0,"ix":5},"nm":"Transform"}],"nm":"Group 4","np":2,"cix":2,"bm":0,"ix":4,"mn":"ADBE Vector Group","hd":false},{"ty":"gr","it":[{"ind":0,"ty":"sh","ix":1,"ks":{"a":0,"k":{"i":[[0,0],[0,0],[0,2.508],[1.664,1.186],[0.31,-0.155],[0,0],[0,0]],"o":[[0,0],[2.19,-1.095],[0,-2.194],[-0.277,0.199],[0,0],[0,0],[0,0]],"v":[[3.532,6.454],[6.994,4.724],[10.597,-1.14],[7.837,-6.454],[6.994,-5.873],[-10.597,2.922],[-3.532,6.454]],"c":true},"ix":2},"nm":"Path 1","mn":"ADBE Vector Shape - Group","hd":false},{"ty":"fl","c":{"a":0,"k":[0.105882354081,0.172549024224,0.239215686917,1],"ix":4},"o":{"a":0,"k":100,"ix":5},"r":1,"bm":0,"nm":"Fill 1","mn":"ADBE Vector Graphic - Fill","hd":false},{"ty":"tr","p":{"a":0,"k":[121.242,174.836],"ix":2},"a":{"a":0,"k":[0,0],"ix":1},"s":{"a":0,"k":[100,100],"ix":3},"r":{"a":0,"k":0,"ix":6},"o":{"a":0,"k":100,"ix":7},"sk":{"a":0,"k":0,"ix":4},"sa":{"a":0,"k":0,"ix":5},"nm":"Transform"}],"nm":"Group 5","np":2,"cix":2,"bm":0,"ix":5,"mn":"ADBE Vector Group","hd":false}],"ip":0,"op":100,"st":0,"bm":0},{"ddd":0,"ind":3,"ty":4,"nm":"Hand2","sr":1,"ks":{"o":{"a":0,"k":100,"ix":11},"r":{"a":1,"k":[{"i":{"x":[0.833],"y":[1]},"o":{"x":[0.333],"y":[0]},"t":18,"s":[-29]},{"i":{"x":[0.833],"y":[1]},"o":{"x":[0.167],"y":[0]},"t":53,"s":[7]},{"t":92,"s":[4]}],"ix":10},"p":{"a":1,"k":[{"i":{"x":0.26,"y":1},"o":{"x":0.333,"y":0},"t":18,"s":[386.258,48.033,0],"to":[-10,27.667,0],"ti":[21,-4.667,0]},{"t":45,"s":[286.258,103.033,0]}],"ix":2},"a":{"a":0,"k":[286.258,103.033,0],"ix":1},"s":{"a":0,"k":[100,100,100],"ix":6}},"ao":0,"shapes":[{"ty":"gr","it":[{"ty":"gr","it":[{"ty":"gr","it":[{"ind":0,"ty":"sh","ix":1,"ks":{"a":0,"k":{"i":[[0,0],[1.951,0],[0,0],[0.644,1.44],[0,-0.975],[-3.073,0],[0,0]],"o":[[0,-1.951],[0,0],[-1.16,0],[-0.442,0.804],[0,3.073],[0,0],[0,0]],"v":[[15.895,1.781],[12.363,-1.751],[-12.363,-1.751],[-15.188,-4.136],[-15.895,-1.445],[-10.314,4.136],[15.895,4.136]],"c":true},"ix":2},"nm":"Path 1","mn":"ADBE Vector Shape - Group","hd":false},{"ty":"fl","c":{"a":0,"k":[0.980392158031,0.72549021244,0.654901981354,1],"ix":4},"o":{"a":0,"k":100,"ix":5},"r":1,"bm":0,"nm":"Fill 1","mn":"ADBE Vector Graphic - Fill","hd":false},{"ty":"tr","p":{"a":0,"k":[158.331,155.961],"ix":2},"a":{"a":0,"k":[0,0],"ix":1},"s":{"a":0,"k":[100,100],"ix":3},"r":{"a":0,"k":0,"ix":6},"o":{"a":0,"k":100,"ix":7},"sk":{"a":0,"k":0,"ix":4},"sa":{"a":0,"k":0,"ix":5},"nm":"Transform"}],"nm":"Group 1","np":2,"cix":2,"bm":0,"ix":1,"mn":"ADBE Vector Group","hd":false},{"ty":"gr","it":[{"ind":0,"ty":"sh","ix":1,"ks":{"a":0,"k":{"i":[[52.934,-23.67],[5.33,-2.284],[6.395,-3.197],[0,0],[5.716,-1.42],[2.291,0],[0,0],[1.048,2.589],[0,-0.813],[-3.108,-0.035],[-0.035,0],[0,0],[-5.298,1.625],[0,0],[0,0],[-0.989,0.353],[-2.967,2.261],[0,0],[-10.42,6.853]],"o":[[-4.414,2.913],[12.493,11.73],[-7.065,3.532],[-7.643,5.095],[-2.223,0.553],[0,0],[-2.965,0],[-0.312,0.701],[0,3.108],[0.035,0],[0,0],[5.545,-0.035],[0,0],[0,0],[1.024,-0.318],[3.462,-1.307],[0,0],[0,0],[57.625,-29.914]],"v":[[24.478,-33.791],[9.531,-25.556],[12.185,9.903],[-9.008,27.564],[-33.685,37.337],[-40.463,38.161],[-65.524,38.161],[-72.066,33.741],[-72.589,36.006],[-66.972,41.693],[-66.902,41.693],[-39.385,41.481],[-23.066,38.973],[-19.499,37.878],[-13.494,36.006],[-10.527,35.017],[-0.884,29.542],[15.718,16.967],[36.417,6.688]],"c":true},"ix":2},"nm":"Path 1","mn":"ADBE Vector Shape - Group","hd":false},{"ty":"fl","c":{"a":0,"k":[0.980392158031,0.72549021244,0.654901981354,1],"ix":4},"o":{"a":0,"k":100,"ix":5},"r":1,"bm":0,"nm":"Fill 1","mn":"ADBE Vector Graphic - Fill","hd":false},{"ty":"tr","p":{"a":0,"k":[222.089,132.533],"ix":2},"a":{"a":0,"k":[0,0],"ix":1},"s":{"a":0,"k":[100,100],"ix":3},"r":{"a":0,"k":0,"ix":6},"o":{"a":0,"k":100,"ix":7},"sk":{"a":0,"k":0,"ix":4},"sa":{"a":0,"k":0,"ix":5},"nm":"Transform"}],"nm":"Group 2","np":2,"cix":2,"bm":0,"ix":2,"mn":"ADBE Vector Group","hd":false},{"ty":"gr","it":[{"ind":0,"ty":"sh","ix":1,"ks":{"a":0,"k":{"i":[[0,0],[0,0],[1.951,0],[0,0],[1.225,3.15],[0,-1.288],[-1.307,-1.272],[-1.943,0],[0,0]],"o":[[0,0],[0,-1.951],[0,0],[-2.606,0],[-0.608,1.042],[0,1.943],[1.272,1.307],[0,0],[0,0]],"v":[[21.194,5.294],[21.194,3.528],[17.661,-0.004],[-14.129,-0.004],[-20.211,-5.294],[-21.194,-1.77],[-19.109,3.21],[-14.129,5.294],[-10.597,5.294]],"c":true},"ix":2},"nm":"Path 1","mn":"ADBE Vector Shape - Group","hd":false},{"ty":"fl","c":{"a":0,"k":[0.980392158031,0.72549021244,0.654901981354,1],"ix":4},"o":{"a":0,"k":100,"ix":5},"r":1,"bm":0,"nm":"Fill 1","mn":"ADBE Vector Graphic - Fill","hd":false},{"ty":"tr","p":{"a":0,"k":[153.032,140.673],"ix":2},"a":{"a":0,"k":[0,0],"ix":1},"s":{"a":0,"k":[100,100],"ix":3},"r":{"a":0,"k":0,"ix":6},"o":{"a":0,"k":100,"ix":7},"sk":{"a":0,"k":0,"ix":4},"sa":{"a":0,"k":0,"ix":5},"nm":"Transform"}],"nm":"Group 3","np":2,"cix":2,"bm":0,"ix":3,"mn":"ADBE Vector Group","hd":false},{"ty":"gr","it":[{"ind":0,"ty":"sh","ix":1,"ks":{"a":0,"k":{"i":[[-1.943,0],[0,0],[0,0],[1.951,0],[0,0],[0.251,1.022],[-1.076,-1.046]],"o":[[0,0],[0,0],[0,-1.17],[0,0],[-1.774,0],[0.22,1.539],[1.272,1.307]],"v":[[-10.647,3.03],[17.611,3.03],[17.611,0.91],[14.079,-1.209],[-14.179,-1.209],[-17.611,-3.03],[-15.627,0.945]],"c":true},"ix":2},"nm":"Path 1","mn":"ADBE Vector Shape - Group","hd":false},{"ty":"fl","c":{"a":0,"k":[0.980392158031,0.72549021244,0.654901981354,1],"ix":4},"o":{"a":0,"k":100,"ix":5},"r":1,"bm":0,"nm":"Fill 1","mn":"ADBE Vector Graphic - Fill","hd":false},{"ty":"tr","p":{"a":0,"k":[156.615,128.809],"ix":2},"a":{"a":0,"k":[0,0],"ix":1},"s":{"a":0,"k":[100,100],"ix":3},"r":{"a":0,"k":0,"ix":6},"o":{"a":0,"k":100,"ix":7},"sk":{"a":0,"k":0,"ix":4},"sa":{"a":0,"k":0,"ix":5},"nm":"Transform"}],"nm":"Group 4","np":2,"cix":2,"bm":0,"ix":4,"mn":"ADBE Vector Group","hd":false},{"ty":"tr","p":{"a":0,"k":[156.615,128.809],"ix":2},"a":{"a":0,"k":[156.615,128.809],"ix":1},"s":{"a":0,"k":[100,100],"ix":3},"r":{"a":0,"k":0,"ix":6},"o":{"a":0,"k":100,"ix":7},"sk":{"a":0,"k":0,"ix":4},"sa":{"a":0,"k":0,"ix":5},"nm":"Transform"}],"nm":"Group 1","np":4,"cix":2,"bm":0,"ix":1,"mn":"ADBE Vector Group","hd":false},{"ty":"gr","it":[{"ind":0,"ty":"sh","ix":1,"ks":{"a":0,"k":{"i":[[0,0],[-0.025,-0.102],[0,0.344]],"o":[[0,0.106],[-0.047,-0.331],[0,0]],"v":[[-0.05,0.204],[0.05,0.503],[-0.05,-0.503]],"c":true},"ix":2},"nm":"Path 1","mn":"ADBE Vector Shape - Group","hd":false},{"ty":"tr","p":{"a":0,"k":[138.953,125.277],"ix":2},"a":{"a":0,"k":[0,0],"ix":1},"s":{"a":0,"k":[100,100],"ix":3},"r":{"a":0,"k":0,"ix":6},"o":{"a":0,"k":100,"ix":7},"sk":{"a":0,"k":0,"ix":4},"sa":{"a":0,"k":0,"ix":5},"nm":"Transform"}],"nm":"Group 2","np":1,"cix":2,"bm":0,"ix":2,"mn":"ADBE Vector Group","hd":false},{"ty":"tr","p":{"a":0,"k":[138.953,125.277],"ix":2},"a":{"a":0,"k":[138.953,125.277],"ix":1},"s":{"a":0,"k":[100,100],"ix":3},"r":{"a":0,"k":0,"ix":6},"o":{"a":0,"k":100,"ix":7},"sk":{"a":0,"k":0,"ix":4},"sa":{"a":0,"k":0,"ix":5},"nm":"Transform"}],"nm":"Group 1","np":2,"cix":2,"bm":0,"ix":1,"mn":"ADBE Vector Group","hd":false},{"ty":"gr","it":[{"ind":0,"ty":"sh","ix":1,"ks":{"a":0,"k":{"i":[[0,0],[1.272,1.307],[0,1.943],[-3.885,0],[0,0],[0,0],[0,0],[0,2.508],[-3.603,0],[-0.848,-0.177],[-1.307,-0.671],[0,0],[-2.79,-1.166],[0,0],[0,0],[-8.619,5.687],[-1.342,-14.518],[0,0],[0,0],[3.462,-1.307],[1.024,-0.318],[0,0],[0,0],[5.546,-0.035],[0,0],[0.035,0],[0,3.108],[-2.79,0.424],[0,0],[0,0],[0,3.073],[-2.826,0.318],[0,0],[0,0],[1.272,1.307],[0,1.943],[-3.885,0]],"o":[[-1.943,0],[-1.307,-1.272],[0,-3.885],[0,0],[0,0],[0,0],[-2.19,-1.095],[0,-3.603],[0.883,0],[1.484,0.212],[5.369,2.755],[2.896,0],[0,0],[7.453,3.073],[9.714,0],[6.429,12.292],[-10.42,6.853],[0,0],[-2.967,2.261],[-0.989,0.353],[0,0],[0,0],[-5.298,1.625],[0,0],[-0.035,0],[-3.108,-0.035],[0,-2.826],[0,0],[0,0],[-3.073,0],[0,-2.861],[0,0],[0,0],[-1.943,0],[-1.307,-1.272],[0,-3.885],[0,0]],"v":[[-49.204,-1.766],[-54.185,-3.85],[-56.269,-8.831],[-49.204,-15.895],[-13.882,-15.895],[-6.817,-19.427],[-24.408,-28.223],[-28.011,-34.086],[-21.476,-40.621],[-18.898,-40.374],[-14.694,-39.031],[-0.742,-33.556],[7.912,-31.614],[7.948,-31.614],[21.441,-22.96],[51.394,-34.863],[63.333,5.616],[42.634,15.895],[26.033,28.47],[16.39,33.945],[13.423,34.934],[7.418,36.806],[3.85,37.901],[-12.469,40.409],[-39.985,40.621],[-40.056,40.621],[-45.672,34.934],[-40.798,29.318],[-20.946,26.492],[-47.156,26.492],[-52.737,20.911],[-47.756,15.33],[-20.946,12.363],[-56.269,12.363],[-61.249,10.279],[-63.333,5.298],[-56.269,-1.766]],"c":true},"ix":2},"nm":"Path 1","mn":"ADBE Vector Shape - Group","hd":false},{"ty":"fl","c":{"a":0,"k":[0.980392158031,0.807843148708,0.764705896378,1],"ix":4},"o":{"a":0,"k":100,"ix":5},"r":1,"bm":0,"nm":"Fill 1","mn":"ADBE Vector Graphic - Fill","hd":false},{"ty":"tr","p":{"a":0,"k":[195.172,133.605],"ix":2},"a":{"a":0,"k":[0,0],"ix":1},"s":{"a":0,"k":[100,100],"ix":3},"r":{"a":0,"k":0,"ix":6},"o":{"a":0,"k":100,"ix":7},"sk":{"a":0,"k":0,"ix":4},"sa":{"a":0,"k":0,"ix":5},"nm":"Transform"}],"nm":"Group 2","np":2,"cix":2,"bm":0,"ix":2,"mn":"ADBE Vector Group","hd":false}],"ip":0,"op":100,"st":0,"bm":0},{"ddd":0,"ind":4,"ty":4,"nm":"shadow2","parent":3,"sr":1,"ks":{"o":{"a":0,"k":22,"ix":11},"r":{"a":0,"k":0,"ix":10},"p":{"a":0,"k":[195.419,144.797,0],"ix":2},"a":{"a":0,"k":[195.419,144.797,0],"ix":1},"s":{"a":0,"k":[100,100,100],"ix":6}},"ao":0,"shapes":[{"ty":"gr","it":[{"ind":0,"ty":"sh","ix":1,"ks":{"a":0,"k":{"i":[[1.236,1.102],[0.392,-0.67],[0,0]],"o":[[-0.583,0.507],[0,0],[-1.769,0]],"v":[[-1.57,-0.886],[-3.039,0.886],[3.039,0.886]],"c":true},"ix":2},"nm":"Path 1","mn":"ADBE Vector Shape - Group","hd":false},{"ty":"fl","c":{"a":0,"k":[0.105882354081,0.172549024224,0.239215686917,1],"ix":4},"o":{"a":0,"k":100,"ix":5},"r":1,"bm":0,"nm":"Fill 1","mn":"ADBE Vector Graphic - Fill","hd":false},{"ty":"tr","p":{"a":0,"k":[142.929,130.953],"ix":2},"a":{"a":0,"k":[0,0],"ix":1},"s":{"a":0,"k":[100,100],"ix":3},"r":{"a":0,"k":0,"ix":6},"o":{"a":0,"k":100,"ix":7},"sk":{"a":0,"k":0,"ix":4},"sa":{"a":0,"k":0,"ix":5},"nm":"Transform"}],"nm":"Group 1","np":2,"cix":2,"bm":0,"ix":1,"mn":"ADBE Vector Group","hd":false},{"ty":"gr","it":[{"ty":"gr","it":[{"ind":0,"ty":"sh","ix":1,"ks":{"a":0,"k":{"i":[[-2.19,-1.095],[0,0],[0,0],[0,0],[0,0],[0.277,0.199],[0,-2.194]],"o":[[0,0],[0,0],[0,0],[0,0],[-0.31,-0.155],[-1.664,1.186],[0,2.508]],"v":[[-6.994,4.724],[-3.532,6.454],[3.532,6.454],[10.597,2.922],[-6.994,-5.873],[-7.837,-6.454],[-10.597,-1.14]],"c":true},"ix":2},"nm":"Path 1","mn":"ADBE Vector Shape - Group","hd":false},{"ty":"fl","c":{"a":0,"k":[0.105882354081,0.172549024224,0.239215686917,1],"ix":4},"o":{"a":0,"k":100,"ix":5},"r":1,"bm":0,"nm":"Fill 1","mn":"ADBE Vector Graphic - Fill","hd":false},{"ty":"tr","p":{"a":0,"k":[177.758,111.255],"ix":2},"a":{"a":0,"k":[0,0],"ix":1},"s":{"a":0,"k":[100,100],"ix":3},"r":{"a":0,"k":0,"ix":6},"o":{"a":0,"k":100,"ix":7},"sk":{"a":0,"k":0,"ix":4},"sa":{"a":0,"k":0,"ix":5},"nm":"Transform"}],"nm":"Group 1","np":2,"cix":2,"bm":0,"ix":1,"mn":"ADBE Vector Group","hd":false},{"ty":"gr","it":[{"ind":0,"ty":"sh","ix":1,"ks":{"a":0,"k":{"i":[[-0.185,-0.18],[-1.943,0],[0,0],[0.016,0.675],[0,0.045],[-2.826,0.318],[0,0],[0,0],[1.236,1.102],[0,-2.119],[-0.989,-1.206]],"o":[[1.272,1.307],[0,0],[-0.238,-0.597],[-0.001,-0.045],[0,-2.861],[0,0],[0,0],[-1.769,0],[-1.49,1.298],[0,1.668],[0.163,0.199]],"v":[[-19.109,4.1],[-14.129,6.184],[-10.194,6.184],[-10.583,4.268],[-10.597,4.135],[-5.616,-1.446],[21.194,-4.413],[-14.129,-4.413],[-18.738,-6.184],[-21.194,-0.88],[-19.605,3.511]],"c":true},"ix":2},"nm":"Path 1","mn":"ADBE Vector Shape - Group","hd":false},{"ty":"fl","c":{"a":0,"k":[0.105882354081,0.172549024224,0.239215686917,1],"ix":4},"o":{"a":0,"k":100,"ix":5},"r":1,"bm":0,"nm":"Fill 1","mn":"ADBE Vector Graphic - Fill","hd":false},{"ty":"tr","p":{"a":0,"k":[153.032,150.38],"ix":2},"a":{"a":0,"k":[0,0],"ix":1},"s":{"a":0,"k":[100,100],"ix":3},"r":{"a":0,"k":0,"ix":6},"o":{"a":0,"k":100,"ix":7},"sk":{"a":0,"k":0,"ix":4},"sa":{"a":0,"k":0,"ix":5},"nm":"Transform"}],"nm":"Group 2","np":2,"cix":2,"bm":0,"ix":2,"mn":"ADBE Vector Group","hd":false},{"ty":"gr","it":[{"ind":0,"ty":"sh","ix":1,"ks":{"a":0,"k":{"i":[[-2.79,0.424],[0,0],[0,0],[0,0],[0,0],[0.55,0.182],[0,-2.461],[-3.073,0],[0,0],[0,0.762]],"o":[[0,0],[0,0],[0,0],[0,0],[-0.61,0],[-2.245,0.747],[0,3.073],[0,0],[-0.274,-0.666],[0,-2.826]],"v":[[-3.956,-2.32],[0.616,-2.971],[15.895,-5.146],[-1.996,-5.146],[-10.314,-5.146],[-12.052,-5.451],[-15.895,-0.13],[-10.314,5.451],[-8.403,5.451],[-8.831,3.296]],"c":true},"ix":2},"nm":"Path 1","mn":"ADBE Vector Shape - Group","hd":false},{"ty":"fl","c":{"a":0,"k":[0.105882354081,0.172549024224,0.239215686917,1],"ix":4},"o":{"a":0,"k":100,"ix":5},"r":1,"bm":0,"nm":"Fill 1","mn":"ADBE Vector Graphic - Fill","hd":false},{"ty":"tr","p":{"a":0,"k":[158.331,165.242],"ix":2},"a":{"a":0,"k":[0,0],"ix":1},"s":{"a":0,"k":[100,100],"ix":3},"r":{"a":0,"k":0,"ix":6},"o":{"a":0,"k":100,"ix":7},"sk":{"a":0,"k":0,"ix":4},"sa":{"a":0,"k":0,"ix":5},"nm":"Transform"}],"nm":"Group 3","np":2,"cix":2,"bm":0,"ix":3,"mn":"ADBE Vector Group","hd":false},{"ty":"gr","it":[{"ind":0,"ty":"sh","ix":1,"ks":{"a":0,"k":{"i":[[0.322,3.374],[0,0],[0,0],[3.462,-1.307],[1.024,-0.318],[0,0],[0,0],[0,0],[5.545,-0.035],[0,0],[0,0],[0.035,0],[0.57,0.201],[0,-2.437],[-0.274,-0.666],[0,0],[-0.459,-0.106],[-3.003,-0.25],[0,0],[0,0],[-5.298,1.625],[0,0],[0,0],[0,0],[-0.989,0.353],[-2.967,2.261],[0,0],[-15.794,13.892],[0,0.724]],"o":[[-10.401,6.828],[0,0],[-2.967,2.261],[-0.989,0.353],[0,0],[0,0],[0,0],[-5.298,1.625],[0,0],[0,0],[-0.035,0],[-0.637,-0.007],[-2.217,0.802],[0,0.762],[0,0],[0.748,0.542],[1.985,0.414],[0,0],[0,0],[5.545,-0.035],[0,0],[0,0],[0,0],[1.024,-0.318],[3.462,-1.307],[0,0],[0,0],[0.014,-0.721],[0,-3.468]],"v":[[79.37,-39.072],[33.556,-12.524],[16.955,0.051],[7.312,5.526],[4.345,6.515],[-1.642,8.381],[-1.66,8.387],[-5.228,9.482],[-21.547,11.99],[-38.037,12.117],[-49.063,12.202],[-49.134,12.202],[-50.942,11.858],[-54.75,17.112],[-54.322,19.266],[-53.101,20.91],[-50.234,22.071],[-45.135,22.768],[-37.709,22.711],[-21.547,22.587],[-5.228,20.079],[-1.66,18.984],[0.442,18.328],[4.345,17.112],[7.312,16.122],[16.955,10.647],[33.556,-1.927],[79.863,-26.67],[79.919,-28.828]],"c":true},"ix":2},"nm":"Path 1","mn":"ADBE Vector Shape - Group","hd":false},{"ty":"fl","c":{"a":0,"k":[0.105882354081,0.172549024224,0.239215686917,1],"ix":4},"o":{"a":0,"k":100,"ix":5},"r":1,"bm":0,"nm":"Fill 1","mn":"ADBE Vector Graphic - Fill","hd":false},{"ty":"tr","p":{"a":0,"k":[204.25,162.024],"ix":2},"a":{"a":0,"k":[0,0],"ix":1},"s":{"a":0,"k":[100,100],"ix":3},"r":{"a":0,"k":0,"ix":6},"o":{"a":0,"k":100,"ix":7},"sk":{"a":0,"k":0,"ix":4},"sa":{"a":0,"k":0,"ix":5},"nm":"Transform"}],"nm":"Group 4","np":2,"cix":2,"bm":0,"ix":4,"mn":"ADBE Vector Group","hd":false},{"ty":"tr","p":{"a":0,"k":[204.25,162.024],"ix":2},"a":{"a":0,"k":[204.25,162.024],"ix":1},"s":{"a":0,"k":[100,100],"ix":3},"r":{"a":0,"k":0,"ix":6},"o":{"a":0,"k":100,"ix":7},"sk":{"a":0,"k":0,"ix":4},"sa":{"a":0,"k":0,"ix":5},"nm":"Transform"}],"nm":"Group 2","np":4,"cix":2,"bm":0,"ix":2,"mn":"ADBE Vector Group","hd":false}],"ip":0,"op":100,"st":0,"bm":0}]},{"id":"comp_1","layers":[{"ddd":0,"ind":1,"ty":4,"nm":"circle mask 3","sr":1,"ks":{"o":{"a":1,"k":[{"i":{"x":[0.833],"y":[0.833]},"o":{"x":[0.167],"y":[0.167]},"t":13,"s":[22]},{"t":24,"s":[0]}],"ix":11},"r":{"a":0,"k":0,"ix":10},"p":{"a":0,"k":[149.51,149.51,0],"ix":2},"a":{"a":0,"k":[0,0,0],"ix":1},"s":{"a":1,"k":[{"i":{"x":[0.2,0.2,0.2],"y":[1,1,1]},"o":{"x":[0.333,0.333,0.333],"y":[0,0,0]},"t":2,"s":[0,0,100]},{"i":{"x":[0.833,0.833,0.833],"y":[1,1,1]},"o":{"x":[0.8,0.8,0.8],"y":[0,0,0]},"t":14,"s":[132.3,132.3,100]},{"t":24,"s":[79.38,79.38,100]}],"ix":6}},"ao":0,"shapes":[{"ty":"gr","it":[{"ind":0,"ty":"sh","ix":1,"ks":{"a":0,"k":{"i":[[1.448,7.065],[52.984,0],[13.352,-5.793],[11.656,-21.194],[0,-0.035],[0,-19.074],[-60.472,0],[-19.604,18.544],[0,31.366]],"o":[[-10.102,-50.017],[-15.471,0],[-22.324,9.678],[0,0.035],[-8.583,15.613],[0,60.472],[29.106,0],[21.123,-19.957],[0,-7.488]],"v":[[107.31,-21.829],[0,-109.5],[-43.553,-100.493],[-96.042,-52.666],[-96.042,-52.595],[-109.5,0],[0,109.5],[75.166,79.617],[109.5,0]],"c":true},"ix":2},"nm":"Path 1","mn":"ADBE Vector Shape - Group","hd":false},{"ty":"st","c":{"a":0,"k":[0.658823529412,0.933333333333,0.956862745098,1],"ix":3},"o":{"a":0,"k":100,"ix":4},"w":{"a":1,"k":[{"i":{"x":[0.23],"y":[1]},"o":{"x":[0.333],"y":[0]},"t":0,"s":[0]},{"t":14,"s":[2]}],"ix":5},"lc":1,"lj":1,"ml":4,"bm":0,"nm":"Stroke 1","mn":"ADBE Vector Graphic - Stroke","hd":false},{"ty":"tr","p":{"a":0,"k":[0,0],"ix":2},"a":{"a":0,"k":[0,0],"ix":1},"s":{"a":0,"k":[100,100],"ix":3},"r":{"a":0,"k":0,"ix":6},"o":{"a":0,"k":100,"ix":7},"sk":{"a":0,"k":0,"ix":4},"sa":{"a":0,"k":0,"ix":5},"nm":"Transform"}],"nm":"Group 1","np":3,"cix":2,"bm":0,"ix":1,"mn":"ADBE Vector Group","hd":false}],"ip":0,"op":113,"st":0,"bm":0},{"ddd":0,"ind":2,"ty":4,"nm":"circle mask 2","sr":1,"ks":{"o":{"a":1,"k":[{"i":{"x":[0.833],"y":[0.833]},"o":{"x":[0.167],"y":[0.167]},"t":13,"s":[68]},{"t":24,"s":[0]}],"ix":11},"r":{"a":0,"k":0,"ix":10},"p":{"a":0,"k":[149.51,149.51,0],"ix":2},"a":{"a":0,"k":[0,0,0],"ix":1},"s":{"a":1,"k":[{"i":{"x":[0.2,0.2,0.2],"y":[1,1,1]},"o":{"x":[0.333,0.333,0.333],"y":[0,0,0]},"t":2,"s":[0,0,100]},{"i":{"x":[0.833,0.833,0.833],"y":[1,1,1]},"o":{"x":[0.8,0.8,0.8],"y":[0,0,0]},"t":14,"s":[106.82,106.82,100]},{"t":24,"s":[78.4,78.4,100]}],"ix":6}},"ao":0,"shapes":[{"ty":"gr","it":[{"ind":0,"ty":"sh","ix":1,"ks":{"a":0,"k":{"i":[[1.448,7.065],[52.984,0],[13.352,-5.793],[11.656,-21.194],[0,-0.035],[0,-19.074],[-60.472,0],[-19.604,18.544],[0,31.366]],"o":[[-10.102,-50.017],[-15.471,0],[-22.324,9.678],[0,0.035],[-8.583,15.613],[0,60.472],[29.106,0],[21.123,-19.957],[0,-7.488]],"v":[[107.31,-21.829],[0,-109.5],[-43.553,-100.493],[-96.042,-52.666],[-96.042,-52.595],[-109.5,0],[0,109.5],[75.166,79.617],[109.5,0]],"c":true},"ix":2},"nm":"Path 1","mn":"ADBE Vector Shape - Group","hd":false},{"ty":"st","c":{"a":0,"k":[0.658823529412,0.933333333333,0.956862745098,1],"ix":3},"o":{"a":0,"k":100,"ix":4},"w":{"a":1,"k":[{"i":{"x":[0.23],"y":[1]},"o":{"x":[0.333],"y":[0]},"t":0,"s":[0]},{"t":14,"s":[2]}],"ix":5},"lc":1,"lj":1,"ml":4,"bm":0,"nm":"Stroke 1","mn":"ADBE Vector Graphic - Stroke","hd":false},{"ty":"tr","p":{"a":0,"k":[0,0],"ix":2},"a":{"a":0,"k":[0,0],"ix":1},"s":{"a":0,"k":[100,100],"ix":3},"r":{"a":0,"k":0,"ix":6},"o":{"a":0,"k":100,"ix":7},"sk":{"a":0,"k":0,"ix":4},"sa":{"a":0,"k":0,"ix":5},"nm":"Transform"}],"nm":"Group 1","np":3,"cix":2,"bm":0,"ix":1,"mn":"ADBE Vector Group","hd":false}],"ip":0,"op":113,"st":0,"bm":0},{"ddd":0,"ind":3,"ty":4,"nm":"circle mask","sr":1,"ks":{"o":{"a":1,"k":[{"i":{"x":[0.833],"y":[0.833]},"o":{"x":[0.167],"y":[0.167]},"t":13,"s":[47]},{"t":24,"s":[0]}],"ix":11},"r":{"a":0,"k":0,"ix":10},"p":{"a":0,"k":[149.51,149.51,0],"ix":2},"a":{"a":0,"k":[0,0,0],"ix":1},"s":{"a":1,"k":[{"i":{"x":[0.2,0.2,0.2],"y":[1,1,1]},"o":{"x":[0.333,0.333,0.333],"y":[0,0,0]},"t":0,"s":[0,0,100]},{"i":{"x":[0.833,0.833,0.833],"y":[1,1,1]},"o":{"x":[0.8,0.8,0.8],"y":[0,0,0]},"t":14,"s":[118.58,118.58,100]},{"t":24,"s":[90.16,90.16,100]}],"ix":6}},"ao":0,"shapes":[{"ty":"gr","it":[{"ind":0,"ty":"sh","ix":1,"ks":{"a":0,"k":{"i":[[1.448,7.065],[52.984,0],[13.352,-5.793],[11.656,-21.194],[0,-0.035],[0,-19.074],[-60.472,0],[-19.604,18.544],[0,31.366]],"o":[[-10.102,-50.017],[-15.471,0],[-22.324,9.678],[0,0.035],[-8.583,15.613],[0,60.472],[29.106,0],[21.123,-19.957],[0,-7.488]],"v":[[107.31,-21.829],[0,-109.5],[-43.553,-100.493],[-96.042,-52.666],[-96.042,-52.595],[-109.5,0],[0,109.5],[75.166,79.617],[109.5,0]],"c":true},"ix":2},"nm":"Path 1","mn":"ADBE Vector Shape - Group","hd":false},{"ty":"st","c":{"a":0,"k":[0.658823529412,0.933333333333,0.956862745098,1],"ix":3},"o":{"a":0,"k":100,"ix":4},"w":{"a":1,"k":[{"i":{"x":[0.23],"y":[1]},"o":{"x":[0.333],"y":[0]},"t":0,"s":[0]},{"i":{"x":[0.833],"y":[1]},"o":{"x":[0.167],"y":[0]},"t":14,"s":[17]},{"t":24,"s":[5]}],"ix":5},"lc":1,"lj":1,"ml":4,"bm":0,"nm":"Stroke 1","mn":"ADBE Vector Graphic - Stroke","hd":false},{"ty":"tr","p":{"a":0,"k":[0,0],"ix":2},"a":{"a":0,"k":[0,0],"ix":1},"s":{"a":0,"k":[100,100],"ix":3},"r":{"a":0,"k":0,"ix":6},"o":{"a":0,"k":100,"ix":7},"sk":{"a":0,"k":0,"ix":4},"sa":{"a":0,"k":0,"ix":5},"nm":"Transform"}],"nm":"Group 1","np":3,"cix":2,"bm":0,"ix":1,"mn":"ADBE Vector Group","hd":false}],"ip":0,"op":113,"st":0,"bm":0}]}],"layers":[{"ddd":0,"ind":1,"ty":3,"nm":"scale","sr":1,"ks":{"o":{"a":0,"k":0,"ix":11},"r":{"a":0,"k":0,"ix":10},"p":{"a":0,"k":[150,150,0],"ix":2},"a":{"a":0,"k":[0,0,0],"ix":1},"s":{"a":1,"k":[{"i":{"x":[0.16,0.16,0.16],"y":[1,1,1]},"o":{"x":[0.62,0.62,0.62],"y":[0,0,0]},"t":26,"s":[98,98,100]},{"i":{"x":[0.833,0.833,0.833],"y":[1,1,1]},"o":{"x":[0.167,0.167,0.167],"y":[0,0,0]},"t":57,"s":[111,111,100]},{"i":{"x":[0.833,0.833,0.833],"y":[1,1,1]},"o":{"x":[0.167,0.167,0.167],"y":[0,0,0]},"t":74,"s":[111,111,100]},{"t":99,"s":[106,106,100]}],"ix":6}},"ao":0,"ip":0,"op":100,"st":0,"bm":0},{"ddd":0,"ind":2,"ty":0,"nm":"Hands","parent":1,"refId":"comp_0","sr":1,"ks":{"o":{"a":0,"k":100,"ix":11},"r":{"a":0,"k":0,"ix":10},"p":{"a":0,"k":[0,0,0],"ix":2},"a":{"a":0,"k":[150,150,0],"ix":1},"s":{"a":0,"k":[100,100,100],"ix":6}},"ao":0,"hasMask":true,"masksProperties":[{"inv":false,"mode":"f","pt":{"a":0,"k":{"i":[[1.448,7.064],[52.984,0],[13.352,-5.793],[11.657,-21.194],[0,-0.035],[0,-19.074],[-60.472,0],[-19.604,18.544],[0,31.367]],"o":[[-10.102,-50.017],[-15.471,0],[-22.324,9.678],[0,0.035],[-8.583,15.613],[0,60.472],[29.106,0],[21.123,-19.957],[0,-7.488]],"v":[[257.31,128.171],[150,40.5],[106.447,49.507],[53.958,97.334],[53.958,97.405],[40.5,150],[150,259.5],[225.166,229.617],[259.5,150]],"c":true},"ix":1},"o":{"a":0,"k":100,"ix":3},"x":{"a":0,"k":0,"ix":4},"nm":"Mask 1"}],"w":300,"h":300,"ip":0,"op":100,"st":0,"bm":0},{"ddd":0,"ind":3,"ty":4,"nm":"line glow","parent":6,"sr":1,"ks":{"o":{"a":0,"k":44,"ix":11},"r":{"a":0,"k":0,"ix":10},"p":{"a":0,"k":[42.387,-28.258,0],"ix":2},"a":{"a":0,"k":[191.887,121.242,0],"ix":1},"s":{"a":0,"k":[100,100,100],"ix":6}},"ao":0,"shapes":[{"ty":"gr","it":[{"ty":"gr","it":[{"ind":0,"ty":"sh","ix":1,"ks":{"a":0,"k":{"i":[[4.417,0],[1.126,0.383],[-1.878,5.543],[-0.305,1.043],[-5.619,-1.64],[1.639,-5.619],[0.443,-1.307]],"o":[[-1.128,0],[-5.543,-1.878],[0.347,-1.024],[1.639,-5.619],[5.617,1.639],[-0.388,1.333],[-1.495,4.417]],"v":[[-0.553,12.366],[-3.955,11.802],[-10.591,-1.633],[-9.617,-4.735],[3.524,-11.939],[10.728,1.202],[9.481,5.165]],"c":true},"ix":2},"nm":"Path 1","mn":"ADBE Vector Shape - Group","hd":false},{"ty":"fl","c":{"a":0,"k":[0.658717675303,0.933783677045,0.95715379902,1],"ix":4},"o":{"a":0,"k":100,"ix":5},"r":1,"bm":0,"nm":"Fill 1","mn":"ADBE Vector Graphic - Fill","hd":false},{"ty":"tr","p":{"a":0,"k":[0,0],"ix":2},"a":{"a":0,"k":[0,0],"ix":1},"s":{"a":0,"k":[100,100],"ix":3},"r":{"a":0,"k":0,"ix":6},"o":{"a":0,"k":100,"ix":7},"sk":{"a":0,"k":0,"ix":4},"sa":{"a":0,"k":0,"ix":5},"nm":"Transform"}],"nm":"Group 1","np":2,"cix":2,"bm":0,"ix":1,"mn":"ADBE Vector Group","hd":false},{"ty":"tr","p":{"a":0,"k":[231.977,177.757],"ix":2},"a":{"a":0,"k":[0,0],"ix":1},"s":{"a":0,"k":[100,100],"ix":3},"r":{"a":0,"k":0,"ix":6},"o":{"a":0,"k":100,"ix":7},"sk":{"a":0,"k":0,"ix":4},"sa":{"a":0,"k":0,"ix":5},"nm":"Transform"}],"nm":"Group 1","np":1,"cix":2,"bm":0,"ix":1,"mn":"ADBE Vector Group","hd":false},{"ty":"gr","it":[{"ty":"gr","it":[{"ind":0,"ty":"sh","ix":1,"ks":{"a":0,"k":{"i":[[5.852,0],[0,5.852],[42.849,0],[0,5.852],[-5.852,0],[0,-54.536]],"o":[[-5.852,0],[0,-42.849],[-5.852,0],[0,-5.852],[54.536,0],[0,5.852]],"v":[[44.153,54.75],[33.556,44.153],[-44.153,-33.556],[-54.75,-44.153],[-44.153,-54.75],[54.75,44.153]],"c":true},"ix":2},"nm":"Path 1","mn":"ADBE Vector Shape - Group","hd":false},{"ty":"fl","c":{"a":0,"k":[0.658717675303,0.933783677045,0.95715379902,1],"ix":4},"o":{"a":0,"k":100,"ix":5},"r":1,"bm":0,"nm":"Fill 1","mn":"ADBE Vector Graphic - Fill","hd":false},{"ty":"tr","p":{"a":0,"k":[0,0],"ix":2},"a":{"a":0,"k":[0,0],"ix":1},"s":{"a":0,"k":[100,100],"ix":3},"r":{"a":0,"k":0,"ix":6},"o":{"a":0,"k":100,"ix":7},"sk":{"a":0,"k":0,"ix":4},"sa":{"a":0,"k":0,"ix":5},"nm":"Transform"}],"nm":"Group 1","np":2,"cix":2,"bm":0,"ix":1,"mn":"ADBE Vector Group","hd":false},{"ty":"tr","p":{"a":0,"k":[191.887,107.111],"ix":2},"a":{"a":0,"k":[0,0],"ix":1},"s":{"a":0,"k":[100,100],"ix":3},"r":{"a":0,"k":0,"ix":6},"o":{"a":0,"k":100,"ix":7},"sk":{"a":0,"k":0,"ix":4},"sa":{"a":0,"k":0,"ix":5},"nm":"Transform"}],"nm":"Group 2","np":1,"cix":2,"bm":0,"ix":2,"mn":"ADBE Vector Group","hd":false}],"ip":0,"op":113,"st":0,"bm":0},{"ddd":0,"ind":4,"ty":4,"nm":"earth shadow","parent":6,"sr":1,"ks":{"o":{"a":0,"k":22,"ix":11},"r":{"a":0,"k":0,"ix":10},"p":{"a":0,"k":[-9.644,9.703,0],"ix":2},"a":{"a":0,"k":[0,0,0],"ix":1},"s":{"a":0,"k":[100,100,100],"ix":6}},"ao":0,"shapes":[{"ty":"gr","it":[{"ind":0,"ty":"sh","ix":1,"ks":{"a":0,"k":{"i":[[8.29,-3.13],[13.615,0],[10.562,3.392],[10.922,9.367],[3.538,27.53],[0,4.777],[-12.065,17.597],[8.233,-14.97],[0,-0.035],[0,-19.074],[-60.472,0],[-19.604,18.544],[-4.397,6.383]],"o":[[-12.026,4.541],[-11.689,0],[-14.021,-4.503],[-20.056,-17.199],[-0.593,-4.615],[0,-22.948],[-14,9.67],[0,0.035],[-8.583,15.613],[0,60.472],[29.106,0],[5.614,-5.304],[-7.19,4.944]],"v":[[76.567,64.494],[37.902,71.538],[4.398,66.297],[-33.323,45.172],[-70.665,-23.875],[-71.598,-37.962],[-52.462,-99.797],[-86.398,-62.37],[-86.398,-62.299],[-99.856,-9.703],[9.644,99.797],[84.81,69.914],[99.856,52.317]],"c":true},"ix":2},"nm":"Path 1","mn":"ADBE Vector Shape - Group","hd":false},{"ty":"fl","c":{"a":0,"k":[0.105882354081,0.172549024224,0.239215686917,1],"ix":4},"o":{"a":0,"k":100,"ix":5},"r":1,"bm":0,"nm":"Fill 1","mn":"ADBE Vector Graphic - Fill","hd":false},{"ty":"tr","p":{"a":0,"k":[0,0],"ix":2},"a":{"a":0,"k":[0,0],"ix":1},"s":{"a":0,"k":[100,100],"ix":3},"r":{"a":0,"k":0,"ix":6},"o":{"a":0,"k":100,"ix":7},"sk":{"a":0,"k":0,"ix":4},"sa":{"a":0,"k":0,"ix":5},"nm":"Transform"}],"nm":"Group 1","np":2,"cix":2,"bm":0,"ix":1,"mn":"ADBE Vector Group","hd":false}],"ip":0,"op":113,"st":0,"bm":0},{"ddd":0,"ind":5,"ty":4,"nm":"continent","parent":6,"sr":1,"ks":{"o":{"a":0,"k":100,"ix":11},"r":{"a":0,"k":0,"ix":10},"p":{"a":0,"k":[24.269,4.356,0],"ix":2},"a":{"a":0,"k":[173.769,153.856,0],"ix":1},"s":{"a":0,"k":[100,100,100],"ix":6}},"ao":0,"hasMask":true,"masksProperties":[{"inv":false,"mode":"f","pt":{"a":0,"k":{"i":[[1.448,7.064],[52.984,0],[13.353,-5.789],[11.657,-21.194],[0,-0.035],[0,-19.074],[-60.472,0],[-19.615,18.533],[0,31.367]],"o":[[-10.102,-50.017],[-15.471,0],[-22.324,9.678],[0,0.035],[-8.583,15.613],[0,60.472],[29.106,0],[21.123,-19.957],[0,-7.488]],"v":[[256.81,127.171],[149.5,39.5],[105.947,48.507],[53.458,96.334],[53.458,96.405],[40,149],[149.5,258.5],[224.666,228.617],[259,149]],"c":true},"ix":1},"o":{"a":0,"k":100,"ix":3},"x":{"a":0,"k":0,"ix":4},"nm":"Mask 1"}],"shapes":[{"ty":"gr","it":[{"ty":"gr","it":[{"ind":0,"ty":"sh","ix":1,"ks":{"a":0,"k":{"i":[[-0.318,-3.532],[4.38,-2.861],[4.592,-2.473],[6.393,-4.945],[0.106,-0.141],[3.073,-0.035],[5.334,-2.084],[-0.742,-3.991],[-2.261,-3.356],[-0.071,-4.062],[8.583,8.089],[3.144,6.817],[0.636,2.614],[-0.671,4.733],[0,0.035],[-22.324,9.678],[-23.264,-4.506],[-7.338,-8.618]],"o":[[0.459,5.298],[-4.345,2.896],[-7.1,3.815],[-0.141,0.141],[-2.508,1.907],[-5.722,0.106],[-3.744,1.448],[0.742,3.991],[2.225,3.356],[-11.515,1.943],[-5.44,-5.122],[-1.166,-2.402],[-1.201,-4.663],[0,-0.035],[11.656,-21.194],[8.293,0.645],[31.53,6.107],[2.296,2.685]],"v":[[68.435,-11.444],[60.806,1.554],[46.783,8.477],[27.602,23.242],[27.179,23.596],[18.842,27.234],[2.347,23.772],[-2.174,34.016],[3.265,44.789],[7.751,55.88],[-23.721,43.341],[-37.073,25.397],[-39.793,17.838],[-40.711,3.638],[-45.803,3.57],[-62.744,-52.43],[2.766,-54.783],[63.737,-20.77]],"c":true},"ix":2},"nm":"Path 1","mn":"ADBE Vector Shape - Group","hd":false},{"ty":"gr","it":[{"ty":"tr","p":{"a":0,"k":[0,0],"ix":2},"a":{"a":0,"k":[0,0],"ix":1},"s":{"a":0,"k":[100,100],"ix":3},"r":{"a":0,"k":0,"ix":6},"o":{"a":0,"k":100,"ix":7},"sk":{"a":0,"k":0,"ix":4},"sa":{"a":0,"k":0,"ix":5},"nm":"Transform"}],"nm":"Group 1","np":0,"cix":2,"bm":0,"ix":2,"mn":"ADBE Vector Group","hd":false},{"ty":"fl","c":{"a":0,"k":[0.46274510026,0.768627464771,0.43137255311,1],"ix":4},"o":{"a":0,"k":100,"ix":5},"r":1,"bm":0,"nm":"Fill 1","mn":"ADBE Vector Graphic - Fill","hd":false},{"ty":"tr","p":{"a":0,"k":[94.169,93.266],"ix":2},"a":{"a":0,"k":[0,0],"ix":1},"s":{"a":0,"k":[100,100],"ix":3},"r":{"a":0,"k":0,"ix":6},"o":{"a":0,"k":100,"ix":7},"sk":{"a":0,"k":0,"ix":4},"sa":{"a":0,"k":0,"ix":5},"nm":"Transform"}],"nm":"Group 1","np":3,"cix":2,"bm":0,"ix":1,"mn":"ADBE Vector Group","hd":false},{"ty":"gr","it":[{"ind":0,"ty":"sh","ix":1,"ks":{"a":0,"k":{"i":[[-2.331,-3.885],[2.685,-4.592],[4.875,-2.473],[3.214,0.212],[2.649,2.155],[-0.071,4.557],[-2.473,2.473],[-1.66,1.13],[-1.024,1.06],[-1.166,0.495],[-3.638,-0.389]],"o":[[2.72,4.592],[-2.685,4.627],[-2.826,1.413],[-3.462,-0.177],[-3.568,-2.932],[0.035,-3.426],[1.378,-1.413],[1.236,-0.848],[0.883,-0.883],[3.356,-1.413],[4.627,0.53]],"v":[[17.944,-10.519],[17.379,4.634],[5.298,15.09],[-3.886,17.492],[-13.175,13.359],[-19.71,1.808],[-15.365,-7.305],[-10.738,-11.049],[-7.241,-13.698],[-4.309,-15.712],[6.464,-17.407]],"c":true},"ix":2},"nm":"Path 1","mn":"ADBE Vector Shape - Group","hd":false},{"ty":"gr","it":[{"ty":"tr","p":{"a":0,"k":[0,0],"ix":2},"a":{"a":0,"k":[0,0],"ix":1},"s":{"a":0,"k":[100,100],"ix":3},"r":{"a":0,"k":0,"ix":6},"o":{"a":0,"k":100,"ix":7},"sk":{"a":0,"k":0,"ix":4},"sa":{"a":0,"k":0,"ix":5},"nm":"Transform"}],"nm":"Group 1","np":0,"cix":2,"bm":0,"ix":2,"mn":"ADBE Vector Group","hd":false},{"ty":"fl","c":{"a":0,"k":[0.46274510026,0.768627464771,0.43137255311,1],"ix":4},"o":{"a":0,"k":100,"ix":5},"r":1,"bm":0,"nm":"Fill 1","mn":"ADBE Vector Graphic - Fill","hd":false},{"ty":"tr","p":{"a":0,"k":[195.49,88.173],"ix":2},"a":{"a":0,"k":[0,0],"ix":1},"s":{"a":0,"k":[100,100],"ix":3},"r":{"a":0,"k":0,"ix":6},"o":{"a":0,"k":100,"ix":7},"sk":{"a":0,"k":0,"ix":4},"sa":{"a":0,"k":0,"ix":5},"nm":"Transform"}],"nm":"Group 2","np":3,"cix":2,"bm":0,"ix":2,"mn":"ADBE Vector Group","hd":false},{"ty":"gr","it":[{"ind":0,"ty":"sh","ix":1,"ks":{"a":0,"k":{"i":[[0.177,-1.59],[2.19,-6.287],[0.918,0.777],[3.038,5.298],[-0.459,6.959],[-2.049,6.747],[0.671,2.614],[2.049,5.899],[-1.695,2.932],[-1.448,1.378],[-1.59,0.671],[-2.896,0.671],[-3.462,0.212],[-8.23,-4.592],[-1.095,-7.559],[5.652,-5.51],[3.638,-3.073],[0.495,-0.918],[-0.071,-1.342],[2.826,-3.603],[2.755,-0.424],[2.826,-0.035],[1.201,-0.812]],"o":[[-0.706,6.57],[-1.201,-0.318],[-4.627,-4.203],[-3.532,-6.181],[0.459,-6.994],[0.777,-2.579],[-1.519,-6.04],[-1.166,-3.32],[0.989,-1.695],[1.201,-1.201],[2.685,-1.166],[3.391,-0.777],[9.608,-0.636],[7.065,3.921],[1.13,7.559],[-3.426,3.32],[-0.848,0.706],[-0.636,1.201],[0.212,4.415],[-1.625,2.119],[-2.79,0.459],[-1.484,0.035],[-1.413,0.954]],"v":[[-9.959,30.804],[-8.475,50.372],[-11.513,48.43],[-23.876,34.654],[-28.009,14.308],[-23.629,-6.25],[-22.675,-14.197],[-34.579,-28.821],[-32.848,-38.428],[-29.386,-43.268],[-25.077,-45.917],[-16.706,-48.778],[-6.391,-50.12],[21.655,-45.882],[34.795,-27.443],[27.483,-6.426],[16.144,2.369],[14.025,4.736],[13.389,8.692],[12.047,21.62],[4.877,25.293],[-3.566,25.647],[-7.804,26.6]],"c":true},"ix":2},"nm":"Path 1","mn":"ADBE Vector Shape - Group","hd":false},{"ty":"gr","it":[{"ty":"tr","p":{"a":0,"k":[0,0],"ix":2},"a":{"a":0,"k":[0,0],"ix":1},"s":{"a":0,"k":[100,100],"ix":3},"r":{"a":0,"k":0,"ix":6},"o":{"a":0,"k":100,"ix":7},"sk":{"a":0,"k":0,"ix":4},"sa":{"a":0,"k":0,"ix":5},"nm":"Transform"}],"nm":"Group 1","np":0,"cix":2,"bm":0,"ix":2,"mn":"ADBE Vector Group","hd":false},{"ty":"fl","c":{"a":0,"k":[0.46274510026,0.768627464771,0.43137255311,1],"ix":4},"o":{"a":0,"k":100,"ix":5},"r":1,"bm":0,"nm":"Fill 1","mn":"ADBE Vector Graphic - Fill","hd":false},{"ty":"tr","p":{"a":0,"k":[131.978,204.248],"ix":2},"a":{"a":0,"k":[0,0],"ix":1},"s":{"a":0,"k":[100,100],"ix":3},"r":{"a":0,"k":0,"ix":6},"o":{"a":0,"k":100,"ix":7},"sk":{"a":0,"k":0,"ix":4},"sa":{"a":0,"k":0,"ix":5},"nm":"Transform"}],"nm":"Group 3","np":3,"cix":2,"bm":0,"ix":3,"mn":"ADBE Vector Group","hd":false},{"ty":"gr","it":[{"ind":0,"ty":"sh","ix":1,"ks":{"a":0,"k":{"i":[[0,0],[2.473,4.38],[-1.59,5.334],[0.071,2.473],[2.296,2.932],[1.519,3.32],[-2.437,2.896],[-2.932,3.356],[-2.119,3.78],[-3.921,3.462],[-2.155,0.989],[-2.508,0.424],[-3.674,0.212],[-6.561,-3.609],[4.774,-20.652],[8.471,-22.588],[6.949,-8.746],[1.066,-1.007]],"o":[[-4.663,-2.755],[-2.79,-4.945],[0.706,-2.402],[-0.141,-3.568],[-2.331,-2.967],[-1.554,-3.32],[2.826,-3.426],[2.967,-3.356],[2.437,-4.345],[1.695,-1.519],[2.261,-0.989],[3.674,-0.6],[14.116,3.825],[9.412,5.176],[-2.927,12.663],[-2.569,6.851],[-6.204,7.809],[0,0]],"v":[[-30.997,24.251],[-49.329,20.23],[-49.682,4.087],[-48.199,-3.225],[-52.72,-13.009],[-59.219,-22.122],[-57.029,-33.143],[-45.55,-41.196],[-38.909,-52.394],[-29.301,-64.191],[-23.579,-68.112],[-16.302,-69.984],[-5.141,-71.503],[41.003,-66.573],[58.886,-30.337],[23.592,18.604],[14.65,69.898],[-4.173,55.446]],"c":true},"ix":2},"nm":"Path 1","mn":"ADBE Vector Shape - Group","hd":false},{"ty":"gr","it":[{"ty":"tr","p":{"a":0,"k":[0,0],"ix":2},"a":{"a":0,"k":[0,0],"ix":1},"s":{"a":0,"k":[100,100],"ix":3},"r":{"a":0,"k":0,"ix":6},"o":{"a":0,"k":100,"ix":7},"sk":{"a":0,"k":0,"ix":4},"sa":{"a":0,"k":0,"ix":5},"nm":"Transform"}],"nm":"Group 1","np":0,"cix":2,"bm":0,"ix":2,"mn":"ADBE Vector Group","hd":false},{"ty":"fl","c":{"a":0,"k":[0.46274510026,0.768627464771,0.43137255311,1],"ix":4},"o":{"a":0,"k":100,"ix":5},"r":1,"bm":0,"nm":"Fill 1","mn":"ADBE Vector Graphic - Fill","hd":false},{"ty":"tr","p":{"a":0,"k":[261.951,199.174],"ix":2},"a":{"a":0,"k":[0,0],"ix":1},"s":{"a":0,"k":[100,100],"ix":3},"r":{"a":0,"k":0,"ix":6},"o":{"a":0,"k":100,"ix":7},"sk":{"a":0,"k":0,"ix":4},"sa":{"a":0,"k":0,"ix":5},"nm":"Transform"}],"nm":"Group 4","np":3,"cix":2,"bm":0,"ix":4,"mn":"ADBE Vector Group","hd":false},{"ty":"tr","p":{"a":1,"k":[{"i":{"x":0.833,"y":0.833},"o":{"x":0.167,"y":0.167},"t":0,"s":[175.951,69.153],"to":[-4.528,0],"ti":[11.028,0]},{"t":100,"s":[124.663,61.653]}],"ix":2},"a":{"a":0,"k":[173.951,69.153],"ix":1},"s":{"a":0,"k":[100,100],"ix":3},"r":{"a":1,"k":[{"i":{"x":[0.833],"y":[0.833]},"o":{"x":[0.167],"y":[0.167]},"t":0,"s":[-9]},{"t":100,"s":[2.287]}],"ix":6},"o":{"a":0,"k":100,"ix":7},"sk":{"a":0,"k":0,"ix":4},"sa":{"a":0,"k":0,"ix":5},"nm":"Transform"}],"nm":"Group 1","np":4,"cix":2,"bm":0,"ix":1,"mn":"ADBE Vector Group","hd":false}],"ip":0,"op":113,"st":0,"bm":0},{"ddd":0,"ind":6,"ty":4,"nm":"earth","parent":1,"sr":1,"ks":{"o":{"a":0,"k":100,"ix":11},"r":{"a":0,"k":0,"ix":10},"p":{"a":0,"k":[-0.5,-0.5,0],"ix":2},"a":{"a":0,"k":[0,0,0],"ix":1},"s":{"a":1,"k":[{"i":{"x":[0.18,0.18,0.18],"y":[1,1,1]},"o":{"x":[0.333,0.333,0.333],"y":[0,0,0]},"t":3,"s":[0,0,100]},{"i":{"x":[0.667,0.667,0.667],"y":[1,1,1]},"o":{"x":[0.41,0.41,0.41],"y":[0,0,0]},"t":16.895,"s":[108,108,100]},{"t":27,"s":[100,100,100]}],"ix":6}},"ao":0,"shapes":[{"ty":"gr","it":[{"ind":0,"ty":"sh","ix":1,"ks":{"a":0,"k":{"i":[[1.448,7.065],[52.984,0],[13.352,-5.793],[11.656,-21.194],[0,-0.035],[0,-19.074],[-60.472,0],[-19.604,18.544],[0,31.366]],"o":[[-10.102,-50.017],[-15.471,0],[-22.324,9.678],[0,0.035],[-8.583,15.613],[0,60.472],[29.106,0],[21.123,-19.957],[0,-7.488]],"v":[[107.31,-21.829],[0,-109.5],[-43.553,-100.493],[-96.042,-52.666],[-96.042,-52.595],[-109.5,0],[0,109.5],[75.166,79.617],[109.5,0]],"c":true},"ix":2},"nm":"Path 1","mn":"ADBE Vector Shape - Group","hd":false},{"ty":"fl","c":{"a":0,"k":[0.380392163992,0.517647087574,0.68235296011,1],"ix":4},"o":{"a":0,"k":100,"ix":5},"r":1,"bm":0,"nm":"Fill 1","mn":"ADBE Vector Graphic - Fill","hd":false},{"ty":"tr","p":{"a":0,"k":[0,0],"ix":2},"a":{"a":0,"k":[0,0],"ix":1},"s":{"a":0,"k":[100,100],"ix":3},"r":{"a":0,"k":0,"ix":6},"o":{"a":0,"k":100,"ix":7},"sk":{"a":0,"k":0,"ix":4},"sa":{"a":0,"k":0,"ix":5},"nm":"Transform"}],"nm":"Group 1","np":2,"cix":2,"bm":0,"ix":1,"mn":"ADBE Vector Group","hd":false}],"ip":3,"op":116,"st":3,"bm":0},{"ddd":0,"ind":7,"ty":0,"nm":"circles","refId":"comp_1","sr":1,"ks":{"o":{"a":0,"k":100,"ix":11},"r":{"a":0,"k":0,"ix":10},"p":{"a":0,"k":[150,150,0],"ix":2},"a":{"a":0,"k":[150,150,0],"ix":1},"s":{"a":0,"k":[100,100,100],"ix":6}},"ao":0,"w":300,"h":300,"ip":0,"op":100,"st":0,"bm":0}],"markers":[]}